{"cameraMode":{"drawMode":0,"name":"Shaded","section":"Shading Mode"},"sceneLighting":false,"audioPlay":false,"sceneViewState":{"showFog":true,"showMaterialUpdate":false,"showSkybox":true,"showFlares":true,"showImageEffects":true,"showParticleSystems":true},"in2DMode":false,"pivot":{"x":628.93359375,"y":471.1746520996094,"z":4.03656005859375},"rotation":{"x":-0.02458433248102665,"y":-0.018598884344100953,"z":-0.0004758814466185868,"w":0.9995505809783936},"size":1265.5283203125,"orthographic":false}